{
  "project_info": {
    "project_number": "994884920910",
    "project_id": "agropath-ebdf2",
    "storage_bucket": "agropath-ebdf2.firebasestorage.app"
  },
  "client": [
    {
      "client_info": {
        "mobilesdk_app_id": "1:994884920910:android:4b9260d9a19f1c88bd451f",
        "android_client_info": {
          "package_name": "com.example.agropath"
        }
      },
      "oauth_client": [],
      "api_key": [
        {
          "current_key": "AIzaSyB-v6u0mYCOyf-j0PAq-co1RT-HLL4oaJo"
        }
      ],
      "services": {
        "appinvite_service": {
          "other_platform_oauth_client": []
        }
      }
    }
  ],
  "configuration_version": "1"
}